{
  "hash": "3f48cd2c",
  "configHash": "fa8dfda1",
  "lockfileHash": "23f12a69",
  "browserHash": "f6014930",
  "optimized": {
    "@angular/common": {
      "src": "../../../../../node_modules/@angular/common/fesm2022/common.mjs",
      "file": "@angular_common.js",
      "fileHash": "cac2b2d8",
      "needsInterop": false
    },
    "@angular/common/http": {
      "src": "../../../../../node_modules/@angular/common/fesm2022/http.mjs",
      "file": "@angular_common_http.js",
      "fileHash": "eb14f7cf",
      "needsInterop": false
    },
    "@angular/core": {
      "src": "../../../../../node_modules/@angular/core/fesm2022/core.mjs",
      "file": "@angular_core.js",
      "fileHash": "aaf9b243",
      "needsInterop": false
    },
    "@angular/platform-browser": {
      "src": "../../../../../node_modules/@angular/platform-browser/fesm2022/platform-browser.mjs",
      "file": "@angular_platform-browser.js",
      "fileHash": "6d66122a",
      "needsInterop": false
    },
    "@angular/router": {
      "src": "../../../../../node_modules/@angular/router/fesm2022/router.mjs",
      "file": "@angular_router.js",
      "fileHash": "3d827889",
      "needsInterop": false
    },
    "rxjs/operators": {
      "src": "../../../../../node_modules/rxjs/dist/esm5/operators/index.js",
      "file": "rxjs_operators.js",
      "fileHash": "f630e47b",
      "needsInterop": false
    }
  },
  "chunks": {
    "chunk-UZBSXHHP": {
      "file": "chunk-UZBSXHHP.js"
    },
    "chunk-2JDY2VMX": {
      "file": "chunk-2JDY2VMX.js"
    },
    "chunk-WN6JLNL7": {
      "file": "chunk-WN6JLNL7.js"
    },
    "chunk-MPSL2UKY": {
      "file": "chunk-MPSL2UKY.js"
    },
    "chunk-YFHPKTUQ": {
      "file": "chunk-YFHPKTUQ.js"
    }
  }
}